ticker,pub_date,headline,gemini_sentiment
NVDA,2016-07-18,using virtual reality to create a new corporate headquarters,neutral
NVDA,2017-02-23,selfdriving cars might need standards but whose,neutral
NVDA,2017-08-09,driverlesscar outlook shifts as intel takes over mobileye,neutral
NVDA,2017-09-01,why a 24yearold chipmaker is one of techs hot prospects,neutral
NVDA,2017-09-16,chips off the old block computers are taking design cues from human brains,neutral
NVDA,2018-03-29,why reining in amazon could be difficult dealbook briefing,neutral
NVDA,2018-05-08,why ai and cryptocurrency are making one type of computer chip scarce,neutral
NVDA,2018-01-14,big bets on ai open a new frontier for chip startups too,neutral
NVDA,2018-01-02,how an ai catandmouse game generates believable fake photos,neutral
NVDA,2018-06-05,tech stocks are hitting highs as economic uncertainty rises,neutral
NVDA,2018-11-19,the chip industry cant seem to escape its boomandbust past,neutral
NVDA,2019-02-03,behind techs shine some warnings signs appear,negative
NVDA,2019-03-26,ai is flying drones very very slowly,neutral
NVDA,2019-05-23,chip makers are punished as the trade war drags on,negative
NVDA,2019-05-21,huaweis us restrictions expose a hightech achilles heel for china,negative
NVDA,2019-01-28,china warnings from caterpillar and nvidia hit us stocks,negative
NVDA,2020-09-14,nvidia buys arm from softbank for 40 billion,neutral
NVDA,2020-09-15,can airlines avoid another bailout,neutral
NVDA,2020-09-12,softbank said to be near deal to sell british chip designer arm,neutral
NVDA,2020-11-23,chinas surveillance state sucks up data us tech is key to sorting it,negative
NVDA,2021-12-02,ftc sues to stop blockbuster chip deal between nvidia and arm,negative
NVDA,2021-05-14,your car toaster even washing machine cant work without them and theres a global shortage,negative
NVDA,2021-05-11,semiconductor makers and users form a group to push for chip funding,neutral
NVDA,2021-07-01,crucial time for cloud gaming which wants to change how you play,neutral
NVDA,2022-02-10,softbanks woes are mounting,negative
NVDA,2022-02-08,softbank returns to profitability barely as the tech sector suffers,negative
NVDA,2022-02-08,nvidia deal to buy arm from softbank is off after setbacks,negative
NVDA,2022-09-01,us restricts sales of sophisticated chips to china and russia,negative
NVDA,2022-10-27,chip makers once in high demand confront sudden challenges,negative
NVDA,2022-10-03,us said to plan new limits on chinas ai and supercomputing firms,negative
NVDA,2023-08-28,tech chiefs to gather in washington next month on ai regulations,neutral
NVDA,2023-08-05,big tech rebounds and preps for transformative ai investments,positive
NVDA,2023-08-04,the chip titan whose lifes work is at the center of a tech cold war,negative
NVDA,2023-08-16,the desperate hunt for the ai booms most indispensable prize,neutral
NVDA,2023-08-18,interest rate jitters sink the heavyweights of tech,negative
NVDA,2023-08-21,arm the chip designer files for an ipo expected to be among the largest,neutral
NVDA,2023-08-23,nvidia revenue doubles on demand for ai chips and could go higher,positive
NVDA,2023-08-21,how nvidia built a competitive moat around ai chips,neutral
NVDA,2023-09-29,what ceos mean when they talk about moats,neutral
NVDA,2023-09-28,whats driving the september stock swoon,negative
NVDA,2023-09-14,arms ipo delivers a big test for the markets,neutral
NVDA,2023-09-07,2 senators propose bipartisan framework for ai laws,neutral
NVDA,2023-12-22,the eyepopping numbers driving the markets,neutral
NVDA,2023-12-27,whats next in artificial intelligence,neutral
NVDA,2023-05-22,a movement to make workplaces menopause friendly,neutral
NVDA,2023-05-23,an aigenerated spoof rattles the markets,negative
NVDA,2023-05-25,carl icahns battle with illumina comes to a head,neutral
NVDA,2023-05-24,desantiss big event underscores a rightward move for twitter,neutral
NVDA,2023-05-03,markets expect the fed to raise rates despite banking turmoil,negative
NVDA,2023-05-30,following setbacks climate activists rethink their approach,neutral
NVDA,2023-05-25,ai demand lifts nvidia toward trilliondollar valuation,positive
NVDA,2023-05-31,reassessing the board fight that was meant to transform exxon,neutral
NVDA,2023-06-02,ais inner conflict nvidia joins the trilliondollar club and hard questions,neutral
NVDA,2023-06-28,biden administration weighs further curbs on sales of ai chips to china,negative
NVDA,2023-06-01,investors exhale as debt limit deal clears a big hurdle,positive
NVDA,2023-06-14,is this a trilliondollar look,neutral
NVDA,2023-06-28,the ai chips war could heat up this summer,neutral
NVDA,2023-07-04,samsungs ai moment is here but is it ready,neutral
NVDA,2023-11-21,nvidia triples quarterly revenue but sales in china are a concern,neutral
NVDA,2023-11-29,what to expect at todays dealbook summit,neutral
NVDA,2023-11-29,nvidia ceo is not worried about rising ai industry competition,neutral
NVDA,2023-11-29,us will take years to reach chip independence nvidia ceo says,negative
NVDA,2023-10-05,how the big chip makers are pushing back on bidens china agenda,negative
NVDA,2023-10-10,ai could soon need as much electricity as an entire country,negative
NVDA,2023-10-17,us tightens chinas access to advanced chips for artificial intelligence,negative
NVDA,2023-10-16,how ai agents that roam the internet could one day replace workers,neutral
NVDA,2023-10-12,elon musk kamala harris jamie dimon will speak at the dealbook summit,neutral
NVDA,2024-02-22,nvidia is a mustbuy or is it,neutral
NVDA,2024-02-21,nvidia says growth will continue as ai hits tipping point,positive
NVDA,2024-02-22,an ai tipping point ignites a new market rally,positive
NVDA,2024-02-21,the chips riding on nvidia,neutral
NVDA,2024-02-22,stocks jump as nvidia sets off tech rally,positive
NVDA,2024-02-23,the big number 14 trillion,neutral
NVDA,2024-03-15,if nvidia keeps rising like this it will be bigger than the global economy,neutral
NVDA,2024-03-19,investors shrug off nvidias ai woodstock,neutral
NVDA,2024-03-13,malaysia rises as crucial link in chip supply chain,neutral
NVDA,2024-03-06,off the board game onto the digital canvas,neutral
NVDA,2024-08-04,with smugglers and front companies china is skirting american ai bans,negative
NVDA,2024-08-04,takeaways from our investigation into banned ai chips in china,negative
NVDA,2024-08-05,nvidia tumbles after reports of chip delay,negative
NVDA,2024-08-29,apple and nvidia in talks to invest in openai,positive
NVDA,2024-08-06,as regulators close in nvidia scrambles for a response,negative
NVDA,2024-08-28,nvidia revenue jumps 122 in positive sign for techs ai boom,positive
NVDA,2024-08-15,a chinese selfdriving startup is about to go public in the us,neutral
NVDA,2024-09-04,the battle to control the worlds most powerful technology,neutral
NVDA,2024-09-27,nuclear power is the new ai trade what could possibly go wrong,neutral
NVDA,2024-09-25,behind openais audacious plan to make ai flow like electricity,neutral
NVDA,2024-09-16,the chinese chipmaker at the heart of the uschina tech war,negative
NVDA,2024-09-23,will ai be a bust a wall street skeptic rings the alarm,negative
NVDA,2024-09-04,wall street is unsettled again after fueling a global selloff,negative
NVDA,2024-09-13,nvidia holds the key to the market but is it worth this much,neutral
NVDA,2024-09-30,cerebras an ai chipmaker trying to take on nvidia files for an ipo,neutral
NVDA,2024-12-11,supreme court wont decide nvidia securities fraud case after all,neutral
NVDA,2024-12-19,nvidias booming ai business collides with uschinese tensions,negative
NVDA,2024-12-19,is the tech industry already on the cusp of an ai slowdown,negative
NVDA,2024-12-03,the furious contest to unseat nvidia as king of ai chips,negative
NVDA,2024-12-09,china opens investigation into nvidia over potential antitrust violations,negative
NVDA,2024-12-05,how one of the worlds richest men is avoiding 8 billion in taxes,negative
NVDA,2024-05-22,nvidia powered by ai boom reports soaring revenue and profits,positive
NVDA,2024-05-06,wayve an ai startup for autonomous driving raises 1 billion,neutral
NVDA,2024-05-22,testing the nvidia boom,neutral
NVDA,2024-01-19,stocks climb to record lifted by big tech and rate cut hopes,positive
NVDA,2024-01-29,nvidias big tech rivals put their own ai chips on the table,neutral
NVDA,2024-01-22,these seven tech stocks are driving the market,neutral
NVDA,2024-01-27,the sp 500 through the prism of a magnificent 7,neutral
NVDA,2024-06-19,netanyahu lashes out at us and the stock markets new king,neutral
NVDA,2024-06-21,334 trillion,neutral
NVDA,2024-06-17,how ai is revolutionizing drug development,neutral
NVDA,2024-06-25,inside nvidias 500 billion wipeout,negative
NVDA,2024-06-06,us clears way for antitrust inquiries of nvidia microsoft and openai,negative
NVDA,2024-06-18,nvidia becomes most valuable public company topping microsoft,neutral
NVDA,2024-11-20,what to know about nvidias highstakes earnings report,neutral
NVDA,2024-11-01,what if ai is actually good for hollywood,neutral
NVDA,2024-11-13,supreme court seems ready to allow securities fraud case against nvidia,neutral
NVDA,2024-11-01,nvidia will replace intel in the dow jones stock index,neutral
NVDA,2024-11-20,nvidia doubles profit as ai chip sales soar,positive
NVDA,2024-10-24,the white house bet big on intel will it backfire,negative
NVDA,2024-10-24,how intel got left behind in the ai chip boom,neutral
